s.no,Institute,Subject,Location,Trainer_Qualification,Online_classes,Offline_classes,Course_level,Placements,Certificate,Trainer_experiance,Course_hours,Course_rating,Rental_permises,Trainer_slary,Maintaince_cost,Non_teaching_staff_salary,Price
1,Datatrain,ProjectManagement,Delhi,Doctorate,Yes,Yes,advanced,Yes,Yes,19,192,5,145,722,140,205,1419
2,Datatrain,DataScience,Hyderabad,Graduate,Yes,no,advanced,No,Yes,9,94,2,68,454,70,116,746
3,Guvi,python,Chennai,UnderGraduate,no,no,advanced,Yes,Yes,15,154,4,112,641,118,179,1121
4,innomatics,DigitalTransformation,Ahmedabad,Doctorate,Yes,Yes,intermediate,No,Yes,18,182,5,130,729,132,108,1341
5,Datatrain,DigitalTransformation,Pune,UnderGraduate,Yes,Yes,advanced,No,Yes,6,75,2,43,349,45,88,512
6,Datatrain,python,Ahmedabad,UnderGraduate,no,Yes,beginer,Yes,Yes,11,115,3,84,510,80,135,879
7,360DigiTMG,BigData,Pune,UnderGraduate,no,no,beginer,Yes,Yes,6,63,2,37,297,40,76,429
8,Edureka,ArtificialIntelligence,Kanpour,Doctorate,no,Yes,advanced,Yes,Yes,6,70,2,42,315,46,80,481
9,Udemy,BigData,Bengaluru,Doctorate,no,no,beginer,Yes,Yes,6,78,2,51,356,51,95,618
10,Coursera,Dataanalysis,Kanpour,Graduate,Yes,Yes,advanced,Yes,Yes,6,67,2,39,310,43,78,463
11,Edvancer,FullstackDataScience,Bengaluru,UnderGraduate,Yes,Yes,beginer,Yes,Yes,6,77,2,49,354,50,94,597
12,360DigiTMG,DataScience,Ahmedabad,UnderGraduate,no,Yes,beginer,No,Yes,1,41,1,16,217,20,53,322
13,Coursera,FullstackDataScience,Kanpour,UnderGraduate,no,no,beginer,No,Yes,15,160,4,115,642,115,178,1133
14,Simple_learn,DigitalTransformation,Delhi,Graduate,Yes,Yes,beginer,No,Yes,1,40,1,16,210,16,51,320
15,Great_Learn,ArtificialIntelligence,Bengaluru,Doctorate,no,Yes,beginer,Yes,Yes,6,85,3,59,409,58,106,679
16,Simple_learn,CloudComputing,Chennai,Graduate,Yes,no,beginer,Yes,Yes,1,44,1,17,211,16,50,318
17,innomatics,ProjectManagement,Ahmedabad,Doctorate,Yes,no,intermediate,No,Yes,12,126,3,90,524,93,145,932
18,Coursera,BigData,Chennai,UnderGraduate,no,Yes,intermediate,Yes,Yes,11,117,3,83,511,81,136,871
19,innomatics,python,Mumbai,Graduate,no,Yes,intermediate,Yes,Yes,7,87,2,59,455,63,101,683
20,Edureka,DigitalTransformation,Bengaluru,Graduate,no,no,intermediate,No,Yes,2,48,1,16,232,16,59,324
21,innomatics,Dataanalysis,Calcutta,Doctorate,no,Yes,intermediate,Yes,Yes,4,62,1,39,286,33,72,727
22,Upgrad,FullstackDataScience,Kanpour,UnderGraduate,Yes,Yes,intermediate,No,Yes,5,69,2,42,301,37,75,761
23,Datatrain,ProjectManagement,Pune,Graduate,Yes,Yes,intermediate,No,Yes,12,127,3,88,520,85,141,959
24,Edvancer,DigitalTransformation,Ahmedabad,UnderGraduate,no,no,advanced,No,Yes,10,115,3,78,486,80,135,827
25,Data_camp,ArtificialIntelligence,Chennai,Doctorate,no,no,beginer,No,Yes,11,118,3,85,511,83,137,882
26,Coursera,ArtificialIntelligence,Calcutta,Graduate,Yes,Yes,beginer,No,Yes,12,127,3,93,550,86,140,916
27,Edvancer,DataScience,Chennai,Doctorate,no,no,advanced,No,Yes,5,65,2,37,298,39,79,458
28,360DigiTMG,DigitalMarketing,Bengaluru,Graduate,Yes,no,advanced,Yes,Yes,4,62,2,34,280,35,75,428
29,Guvi,FullstackDataScience,Kanpour,Graduate,no,no,beginer,Yes,Yes,9,104,3,72,443,74,117,741
30,Edvancer,python,Calcutta,Graduate,Yes,no,intermediate,Yes,Yes,15,155,4,114,640,115,176,1127
31,Datatrain,DataScience,Chennai,Graduate,Yes,Yes,advanced,Yes,Yes,10,98,2,43,300,75,127,799
32,innomatics,DataScience,Ahmedabad,UnderGraduate,Yes,no,beginer,Yes,Yes,12,122,3,87,535,86,141,933
33,ExcelR,CloudComputing,Delhi,Graduate,Yes,Yes,advanced,Yes,Yes,13,127,3,89,540,87,142,948
34,Data_camp,DigitalTransformation,Delhi,Doctorate,Yes,Yes,beginer,Yes,Yes,9,95,2,61,450,62,104,707
35,Udemy,DigitalMarketing,Delhi,Graduate,no,no,intermediate,No,Yes,5,72,2,47,342,48,92,557
36,Coursera,DigitalTransformation,Ahmedabad,UnderGraduate,Yes,no,intermediate,No,Yes,10,99,3,72,445,73,127,790
37,Edx,DigitalTransformation,Delhi,UnderGraduate,Yes,no,intermediate,No,Yes,20,199,5,146,797,94,219,1484
38,Great_Learn,CloudComputing,Mumbai,Graduate,Yes,Yes,intermediate,No,Yes,10,97,2,46,303,95,127,792
39,Upgrad,DigitalMarketing,Delhi,Doctorate,no,no,intermediate,Yes,Yes,9,93,2,60,445,96,103,696
40,Great_Learn,ProjectManagement,Pune,Doctorate,Yes,Yes,intermediate,Yes,Yes,5,67,2,43,305,97,78,474
41,Datatrain,FullstackDataScience,Chennai,UnderGraduate,Yes,no,advanced,Yes,Yes,18,185,5,134,748,98,200,1322
42,360DigiTMG,ProjectManagement,Delhi,Graduate,Yes,Yes,advanced,Yes,Yes,19,190,5,135,758,99,205,1373
43,Edvancer,CloudComputing,Kanpour,Graduate,no,Yes,advanced,Yes,Yes,4,59,2,38,289,100,75,432
44,Udemy,ArtificialIntelligence,Kanpour,Graduate,no,no,beginer,Yes,Yes,20,196,5,146,789,148,225,1465
45,Datatrain,python,Pune,UnderGraduate,Yes,Yes,intermediate,No,Yes,16,165,3,81,520,82,138,905
46,Datatrain,ProjectManagement,Pune,UnderGraduate,Yes,no,beginer,Yes,Yes,12,175,3,85,535,86,145,958
47,Datatrain,FullstackDataScience,Bengaluru,UnderGraduate,Yes,no,intermediate,No,Yes,16,165,4,118,650,119,187,1200
48,Simple_learn,BigData,Delhi,UnderGraduate,Yes,Yes,advanced,No,Yes,11,101,3,90,580,90,152,989
49,innomatics,DataScience,Delhi,Graduate,Yes,Yes,intermediate,No,Yes,14,138,4,107,580,108,169,1079
50,Datatrain,Dataanalysis,Pune,Graduate,no,no,intermediate,Yes,Yes,2,42,1,15,210,16,52,319
51,innomatics,CloudComputing,Bengaluru,UnderGraduate,Yes,no,intermediate,No,Yes,6,75,2,48,350,49,93,587
52,Edureka,ProjectManagement,Kanpour,Graduate,Yes,Yes,intermediate,Yes,Yes,16,165,4,119,660,122,195,1246
53,Udemy,python,Hyderabad,UnderGraduate,Yes,Yes,advanced,Yes,Yes,13,130,3,102,591,106,150,1051
54,Coursera,DigitalMarketing,Calcutta,UnderGraduate,Yes,no,beginer,Yes,Yes,9,98,3,74,482,75,118,800
55,Data_camp,DigitalMarketing,Pune,UnderGraduate,no,Yes,advanced,No,Yes,18,182,4,101,727,135,205,1307
56,ExcelR,FullstackDataScience,Chennai,Graduate,no,no,beginer,No,Yes,17,179,4,99,720,132,202,1257
57,Simple_learn,DataScience,Bengaluru,Graduate,Yes,no,intermediate,Yes,Yes,8,97,3,65,412,66,121,767
58,Udemy,python,Chennai,UnderGraduate,Yes,Yes,beginer,Yes,Yes,19,191,5,140,760,142,215,1412
59,Coursera,DataScience,Calcutta,UnderGraduate,no,Yes,advanced,No,Yes,16,129,4,94,585,96,148,975
60,Datatrain,BigData,Delhi,Doctorate,Yes,no,advanced,Yes,Yes,13,120,3,89,579,91,142,911
61,Edureka,DataScience,Hyderabad,UnderGraduate,Yes,Yes,beginer,Yes,Yes,6,76,2,48,353,49,93,591
62,innomatics,DigitalTransformation,Ahmedabad,Graduate,no,no,beginer,Yes,Yes,14,135,4,95,595,99,151,1015
63,Coursera,python,Pune,UnderGraduate,no,no,intermediate,Yes,Yes,9,101,3,66,430,69,128,791
64,Upgrad,FullstackDataScience,Mumbai,Doctorate,no,Yes,beginer,Yes,Yes,13,135,3,103,593,107,152,1063
65,Udemy,ArtificialIntelligence,Ahmedabad,Doctorate,no,no,advanced,No,Yes,6,77,2,49,354,50,94,598
66,Upgrad,python,Kanpour,Doctorate,Yes,no,advanced,Yes,Yes,4,53,1,31,275,33,66,423
67,Upgrad,ArtificialIntelligence,Hyderabad,Doctorate,Yes,Yes,intermediate,No,Yes,10,105,3,73,425,76,125,777
68,360DigiTMG,FullstackDataScience,Delhi,Doctorate,Yes,no,beginer,Yes,Yes,2,46,1,17,230,18,52,352
69,Great_Learn,ArtificialIntelligence,Kanpour,Doctorate,Yes,no,beginer,No,Yes,13,124,3,95,588,97,146,978
70,Great_Learn,ArtificialIntelligence,Kanpour,Doctorate,Yes,no,intermediate,No,Yes,13,133,4,104,591,105,150,1041
71,Edvancer,CloudComputing,Bengaluru,Doctorate,no,no,beginer,Yes,Yes,15,156,4,113,636,115,172,1113
72,Datatrain,ProjectManagement,Chennai,Graduate,no,Yes,intermediate,Yes,Yes,11,115,3,78,501,81,132,860
73,Udemy,ArtificialIntelligence,Chennai,Doctorate,no,no,advanced,No,Yes,7,91,2,61,423,63,112,705
74,Data_camp,FullstackDataScience,Mumbai,UnderGraduate,Yes,Yes,advanced,Yes,Yes,12,131,4,101,575,103,145,1001
75,Simple_learn,DataScience,Kanpour,UnderGraduate,no,no,intermediate,Yes,Yes,11,118,3,84,511,83,137,883
76,Great_Learn,ProjectManagement,Mumbai,Doctorate,Yes,no,intermediate,No,Yes,18,185,4,132,725,135,206,1377
77,innomatics,python,Calcutta,Doctorate,Yes,Yes,beginer,Yes,Yes,14,128,3,94,572,95,152,997
78,Upgrad,DataScience,Mumbai,UnderGraduate,Yes,Yes,advanced,Yes,Yes,5,59,2,34,278,34,67,470
79,Edvancer,ProjectManagement,Kanpour,Doctorate,Yes,no,intermediate,Yes,Yes,10,104,3,75,425,76,125,777
80,innomatics,ArtificialIntelligence,Mumbai,Doctorate,no,no,intermediate,No,Yes,10,109,3,79,432,80,129,799
81,Data_camp,python,Bengaluru,Graduate,no,Yes,intermediate,Yes,Yes,5,107,2,33,281,35,68,474
82,Upgrad,CloudComputing,Bengaluru,Graduate,Yes,no,intermediate,Yes,Yes,7,83,3,87,545,89,142,932
83,Udemy,BigData,Bengaluru,Graduate,no,no,intermediate,No,Yes,6,115,3,79,495,80,134,856
84,Edureka,BigData,Ahmedabad,Doctorate,Yes,no,advanced,No,Yes,7,82,2,52,375,54,99,666
85,Upgrad,Dataanalysis,Delhi,UnderGraduate,Yes,Yes,beginer,No,Yes,9,104,3,71,416,72,165,1094
86,Edureka,BigData,Hyderabad,UnderGraduate,no,no,advanced,No,Yes,5,64,2,35,300,37,72,492
87,360DigiTMG,DataScience,Hyderabad,UnderGraduate,no,Yes,intermediate,Yes,Yes,6,72,2,46,330,47,90,562
88,ExcelR,DataScience,Chennai,UnderGraduate,no,Yes,advanced,No,Yes,11,120,3,84,521,85,141,899
89,ExcelR,python,Ahmedabad,Graduate,no,no,beginer,Yes,Yes,11,129,3,86,537,88,147,938
90,Edureka,BigData,Kanpour,Doctorate,Yes,no,beginer,No,Yes,11,138,3,90,562,91,153,967
91,Upgrad,BigData,Calcutta,Doctorate,Yes,no,intermediate,No,Yes,1,42,1,15,210,16,51,308
92,innomatics,python,Mumbai,Doctorate,no,Yes,advanced,Yes,Yes,2,46,1,16,230,18,57,377
93,Coursera,BigData,Chennai,Graduate,Yes,Yes,beginer,No,Yes,20,196,5,145,789,146,220,1465
94,360DigiTMG,Dataanalysis,Calcutta,Doctorate,no,Yes,advanced,Yes,Yes,15,165,4,117,648,119,181,1192
95,Edx,DigitalMarketing,Pune,UnderGraduate,Yes,Yes,intermediate,Yes,Yes,20,200,5,149,800,150,225,1498
96,Upgrad,CloudComputing,Pune,Graduate,Yes,no,intermediate,No,Yes,11,126,3,84,534,86,145,928
97,360DigiTMG,CloudComputing,Calcutta,Doctorate,Yes,Yes,beginer,No,Yes,10,109,3,79,432,80,129,798
98,Data_camp,DigitalTransformation,Mumbai,UnderGraduate,Yes,Yes,advanced,Yes,Yes,18,187,5,137,611,139,208,1386
99,Great_Learn,CloudComputing,Delhi,Doctorate,Yes,Yes,advanced,No,Yes,18,187,5,137,611,139,208,1387
100,Edvancer,DigitalMarketing,Ahmedabad,Doctorate,Yes,Yes,advanced,Yes,Yes,14,154,4,113,634,115,178,1132
101,Udemy,ArtificialIntelligence,Hyderabad,UnderGraduate,Yes,Yes,advanced,No,Yes,6,74,2,46,325,47,91,566
102,360DigiTMG,ProjectManagement,Ahmedabad,Graduate,Yes,Yes,intermediate,Yes,Yes,11,161,4,117,648,118,180,1180
103,ExcelR,DataScience,Kanpour,Graduate,no,Yes,advanced,No,Yes,7,89,2,61,396,62,63,676
104,Data_camp,ProjectManagement,Calcutta,Graduate,no,no,advanced,Yes,Yes,20,197,5,145,795,148,222,1482
105,Datatrain,CloudComputing,Calcutta,Doctorate,no,Yes,beginer,Yes,Yes,5,71,2,44,321,46,89,557
106,Edureka,BigData,Mumbai,UnderGraduate,Yes,Yes,advanced,No,Yes,19,190,5,141,750,142,215,1433
107,Great_Learn,ProjectManagement,Mumbai,UnderGraduate,Yes,Yes,beginer,Yes,Yes,6,74,2,47,327,49,93,577
108,Edureka,Dataanalysis,Chennai,Graduate,no,Yes,intermediate,No,Yes,7,91,2,95,555,96,151,980
109,Udemy,ProjectManagement,Calcutta,UnderGraduate,no,no,intermediate,Yes,Yes,16,168,4,121,675,122,187,1227
110,Coursera,FullstackDataScience,Chennai,UnderGraduate,Yes,Yes,beginer,Yes,Yes,9,97,3,69,434,67,116,739
111,ExcelR,ArtificialIntelligence,Hyderabad,UnderGraduate,Yes,no,beginer,Yes,Yes,5,62,2,31,290,32,77,480
112,Guvi,FullstackDataScience,Ahmedabad,Doctorate,Yes,Yes,advanced,No,Yes,6,79,2,50,360,52,95,607
113,Edx,DataScience,Chennai,Doctorate,Yes,Yes,beginer,No,Yes,17,170,4,122,677,124,189,1233
114,Upgrad,ArtificialIntelligence,Chennai,Doctorate,Yes,no,beginer,Yes,Yes,11,158,4,114,636,116,179,1137
115,Guvi,Dataanalysis,Pune,Graduate,Yes,Yes,beginer,No,Yes,7,90,2,62,397,63,65,687
116,Udemy,FullstackDataScience,Mumbai,Doctorate,no,no,intermediate,No,Yes,2,42,1,17,215,18,53,320
117,Coursera,DigitalTransformation,Bengaluru,Doctorate,no,no,beginer,No,Yes,20,195,5,147,791,149,224,1495
118,ExcelR,FullstackDataScience,Pune,Doctorate,no,Yes,intermediate,No,Yes,8,94,2,62,405,64,67,694
119,ExcelR,FullstackDataScience,Delhi,UnderGraduate,Yes,no,intermediate,Yes,Yes,2,43,1,18,217,19,54,326
120,ExcelR,FullstackDataScience,Bengaluru,Doctorate,Yes,no,beginer,No,Yes,5,62,2,31,290,32,77,481
121,Udemy,DataScience,Hyderabad,Graduate,no,no,intermediate,No,Yes,10,109,3,75,403,76,126,847
122,Datatrain,FullstackDataScience,Calcutta,Graduate,Yes,no,intermediate,Yes,Yes,7,87,2,59,392,61,62,667
123,Great_Learn,DataScience,Calcutta,Doctorate,no,no,advanced,Yes,Yes,18,146,4,105,605,107,165,1092
124,Great_Learn,DataScience,Calcutta,UnderGraduate,Yes,no,intermediate,No,Yes,6,73,2,47,322,48,92,568
125,Udemy,DataScience,Hyderabad,UnderGraduate,no,Yes,advanced,Yes,Yes,13,132,3,92,556,95,151,995
126,Great_Learn,python,Pune,Graduate,no,Yes,intermediate,No,Yes,10,109,3,73,402,75,125,844
127,ExcelR,ArtificialIntelligence,Kanpour,Doctorate,no,no,intermediate,No,Yes,19,192,5,141,774,142,117,1443
128,360DigiTMG,python,Delhi,Doctorate,Yes,Yes,advanced,Yes,Yes,19,191,5,140,773,141,116,1436
129,Coursera,python,Chennai,Graduate,Yes,Yes,intermediate,Yes,Yes,13,131,3,92,555,94,150,990
130,Edvancer,CloudComputing,Bengaluru,Doctorate,no,no,advanced,Yes,Yes,5,69,2,45,312,46,90,530
131,Udemy,DataScience,Mumbai,UnderGraduate,no,no,beginer,Yes,Yes,11,120,3,86,513,84,140,909
132,Coursera,FullstackDataScience,Mumbai,Graduate,no,Yes,beginer,No,Yes,18,148,4,107,607,108,166,1100
133,Simple_learn,Dataanalysis,Chennai,UnderGraduate,Yes,no,advanced,Yes,Yes,11,123,3,86,515,85,142,917
134,Simple_learn,DigitalTransformation,Kanpour,UnderGraduate,Yes,Yes,intermediate,Yes,Yes,20,196,5,145,784,146,221,1460
135,Great_Learn,python,Pune,Doctorate,Yes,no,intermediate,No,Yes,5,68,2,44,310,45,88,522
136,innomatics,CloudComputing,Hyderabad,Doctorate,no,Yes,beginer,No,Yes,18,182,4,132,730,134,202,1360
137,ExcelR,python,Kanpour,UnderGraduate,no,Yes,intermediate,Yes,Yes,6,79,2,51,360,53,96,611
138,innomatics,BigData,Hyderabad,Doctorate,Yes,no,intermediate,No,Yes,9,98,2,65,429,67,115,745
139,Great_Learn,ArtificialIntelligence,Mumbai,Graduate,no,no,beginer,Yes,Yes,20,196,5,146,796,147,223,1487
140,Edx,DigitalMarketing,Hyderabad,Doctorate,Yes,Yes,beginer,No,Yes,5,68,2,44,310,45,89,523
141,Great_Learn,ArtificialIntelligence,Hyderabad,Graduate,no,Yes,intermediate,No,Yes,4,58,1,38,280,39,78,498
142,Great_Learn,CloudComputing,Bengaluru,Doctorate,no,Yes,intermediate,Yes,Yes,6,71,2,45,315,47,92,548
143,Edureka,BigData,Mumbai,UnderGraduate,Yes,Yes,beginer,Yes,Yes,1,40,1,15,200,15,50,302
144,Coursera,DigitalMarketing,Mumbai,UnderGraduate,Yes,no,intermediate,No,Yes,17,175,4,124,710,125,192,1302
145,Great_Learn,BigData,Hyderabad,Graduate,Yes,Yes,intermediate,No,Yes,1,41,1,17,204,17,52,308
146,Coursera,FullstackDataScience,Hyderabad,Doctorate,no,Yes,intermediate,No,Yes,1,43,1,16,215,16,54,329
147,Guvi,BigData,Mumbai,UnderGraduate,Yes,no,intermediate,Yes,Yes,18,178,4,130,720,132,200,1351
148,360DigiTMG,python,Delhi,Doctorate,no,Yes,intermediate,Yes,Yes,2,47,1,21,230,20,58,354
149,Upgrad,DigitalMarketing,Ahmedabad,UnderGraduate,no,Yes,advanced,No,Yes,9,106,2,68,437,69,118,762
150,Upgrad,DigitalMarketing,Pune,Graduate,Yes,no,beginer,Yes,Yes,7,82,2,54,366,56,101,620
151,Coursera,BigData,Kanpour,Graduate,no,Yes,advanced,Yes,Yes,16,170,4,121,701,122,189,1289
152,ExcelR,Dataanalysis,Pune,UnderGraduate,Yes,Yes,beginer,Yes,Yes,20,200,5,150,800,150,225,1497
153,Great_Learn,DigitalMarketing,Bengaluru,Doctorate,Yes,no,advanced,No,Yes,12,132,3,94,554,96,150,973
154,Guvi,python,Delhi,UnderGraduate,Yes,Yes,advanced,Yes,Yes,7,79,2,53,359,54,98,602
155,Data_camp,BigData,Calcutta,UnderGraduate,Yes,Yes,beginer,Yes,Yes,9,94,2,62,420,64,111,731
156,Guvi,CloudComputing,Kanpour,Graduate,no,Yes,beginer,Yes,Yes,12,134,3,96,555,97,151,979
157,Simple_learn,ProjectManagement,Delhi,Doctorate,Yes,Yes,intermediate,No,Yes,8,99,2,62,399,63,107,674
158,Datatrain,python,Calcutta,Doctorate,no,Yes,intermediate,No,Yes,14,146,4,108,601,109,165,1072
159,Edvancer,ProjectManagement,Pune,UnderGraduate,no,no,advanced,No,Yes,3,53,1,26,250,27,64,389
160,innomatics,DigitalTransformation,Ahmedabad,Graduate,Yes,Yes,intermediate,No,Yes,1,42,1,17,204,17,52,310
161,Datatrain,ArtificialIntelligence,Pune,UnderGraduate,Yes,no,beginer,No,Yes,16,165,4,119,652,120,182,1185
162,Edureka,CloudComputing,Ahmedabad,Doctorate,no,Yes,beginer,No,Yes,14,155,4,111,622,112,174,1119
163,Edureka,DataScience,Bengaluru,Doctorate,Yes,Yes,intermediate,No,Yes,13,137,3,97,558,98,152,984
164,Guvi,python,Calcutta,Doctorate,Yes,no,advanced,No,Yes,1,43,1,16,215,16,54,327
165,Edvancer,Dataanalysis,Pune,Graduate,Yes,no,intermediate,Yes,Yes,6,74,2,46,340,47,89,537
166,Datatrain,BigData,Mumbai,UnderGraduate,Yes,Yes,advanced,Yes,Yes,19,191,5,141,770,143,215,1436
167,360DigiTMG,DigitalTransformation,Delhi,Doctorate,no,Yes,advanced,Yes,Yes,2,49,1,21,235,21,62,368
168,Edx,ArtificialIntelligence,Pune,Doctorate,no,no,beginer,No,Yes,15,162,4,118,689,120,186,1231
169,Guvi,Dataanalysis,Chennai,Graduate,Yes,Yes,beginer,No,Yes,10,107,3,71,485,72,125,819
170,Edvancer,DigitalMarketing,Chennai,Doctorate,Yes,Yes,beginer,Yes,Yes,12,132,3,95,554,96,150,972
171,Udemy,python,Pune,UnderGraduate,no,no,intermediate,No,Yes,18,180,4,130,725,132,201,1328
172,Edvancer,CloudComputing,Hyderabad,Doctorate,Yes,no,intermediate,Yes,Yes,10,111,3,78,489,79,131,861
173,Edx,ArtificialIntelligence,Hyderabad,UnderGraduate,no,Yes,intermediate,Yes,Yes,7,75,2,50,349,51,94,587
174,Datatrain,FullstackDataScience,Delhi,Graduate,Yes,no,beginer,No,Yes,19,188,5,141,750,142,209,1383
175,360DigiTMG,ArtificialIntelligence,Ahmedabad,UnderGraduate,no,Yes,beginer,No,Yes,20,200,5,150,800,150,225,1499
176,Data_camp,FullstackDataScience,Delhi,Doctorate,Yes,no,beginer,Yes,Yes,19,190,5,138,762,140,212,1414
177,Coursera,CloudComputing,Pune,Doctorate,no,Yes,intermediate,Yes,Yes,11,120,3,85,514,84,138,888
178,Datatrain,BigData,Mumbai,UnderGraduate,no,no,beginer,Yes,Yes,12,125,3,92,545,91,141,950
179,Edvancer,ProjectManagement,Hyderabad,Doctorate,Yes,no,beginer,No,Yes,19,191,5,139,742,141,214,1431
180,Coursera,python,Calcutta,UnderGraduate,Yes,no,beginer,Yes,Yes,9,99,2,67,434,66,116,770
181,ExcelR,ArtificialIntelligence,Calcutta,Graduate,Yes,Yes,beginer,Yes,Yes,3,58,1,31,277,32,71,430
182,Udemy,python,Pune,Graduate,no,Yes,beginer,Yes,Yes,2,42,1,16,202,16,51,306
183,Great_Learn,FullstackDataScience,Calcutta,Graduate,Yes,Yes,beginer,No,Yes,10,110,3,75,480,76,127,826
184,Great_Learn,Dataanalysis,Pune,Graduate,Yes,Yes,advanced,Yes,Yes,5,71,2,45,330,44,86,527
185,Coursera,ArtificialIntelligence,Ahmedabad,Graduate,Yes,no,intermediate,No,Yes,7,86,2,55,385,56,103,660
186,innomatics,ArtificialIntelligence,Bengaluru,Doctorate,Yes,Yes,advanced,No,Yes,9,103,3,71,456,72,122,794
187,360DigiTMG,DigitalTransformation,Bengaluru,Doctorate,Yes,no,advanced,Yes,Yes,9,98,2,66,429,67,116,743
188,Datatrain,DigitalTransformation,Delhi,Graduate,no,Yes,intermediate,Yes,Yes,16,174,4,128,690,129,194,1272
189,innomatics,DataScience,Delhi,UnderGraduate,Yes,no,advanced,No,Yes,18,179,5,135,730,135,205,1360
190,ExcelR,FullstackDataScience,Pune,Graduate,no,Yes,advanced,Yes,Yes,6,74,2,46,338,47,91,564
191,Guvi,DigitalTransformation,Delhi,Graduate,Yes,Yes,intermediate,No,Yes,16,168,4,118,660,121,183,1199
192,Edureka,ProjectManagement,Ahmedabad,Graduate,no,no,intermediate,Yes,Yes,3,52,1,25,246,25,63,397
193,ExcelR,python,Mumbai,Graduate,no,no,advanced,No,Yes,17,172,4,123,670,124,185,1208
194,Edx,CloudComputing,Ahmedabad,UnderGraduate,Yes,no,intermediate,Yes,Yes,16,170,4,121,665,122,184,1204
195,ExcelR,DigitalTransformation,Pune,Doctorate,no,Yes,beginer,Yes,Yes,9,101,2,68,438,67,118,774
196,Upgrad,BigData,Pune,UnderGraduate,Yes,no,advanced,No,Yes,10,107,3,73,462,74,123,808
197,Great_Learn,DigitalTransformation,Mumbai,UnderGraduate,Yes,Yes,advanced,Yes,Yes,18,185,5,137,732,138,210,1417
198,Edvancer,python,Delhi,Doctorate,no,no,intermediate,No,Yes,3,55,1,30,274,31,69,420
199,Edx,DataScience,Kanpour,UnderGraduate,no,Yes,intermediate,No,Yes,11,118,3,85,511,83,137,884
200,Edureka,CloudComputing,Mumbai,Graduate,no,no,advanced,No,Yes,9,93,2,62,405,63,101,729
201,Coursera,DigitalTransformation,Chennai,Doctorate,no,Yes,intermediate,No,Yes,20,195,5,147,795,148,224,1495
202,ExcelR,python,Mumbai,Doctorate,Yes,no,intermediate,No,Yes,6,81,2,53,370,54,97,639
203,Great_Learn,BigData,Ahmedabad,Graduate,no,no,beginer,No,Yes,6,79,2,50,357,51,95,604
204,Upgrad,ArtificialIntelligence,Bengaluru,Doctorate,no,no,beginer,No,Yes,13,132,4,104,607,105,165,1075
205,Udemy,BigData,Ahmedabad,Graduate,Yes,Yes,beginer,Yes,Yes,11,117,3,86,526,87,142,925
206,Guvi,Dataanalysis,Delhi,Doctorate,Yes,no,intermediate,Yes,Yes,11,124,3,94,546,95,151,974
207,innomatics,DigitalMarketing,Calcutta,Doctorate,no,Yes,advanced,Yes,Yes,4,62,1,34,290,35,76,483
208,Edureka,ArtificialIntelligence,Pune,UnderGraduate,Yes,no,beginer,Yes,Yes,2,47,1,20,227,21,58,353
209,Guvi,ArtificialIntelligence,Ahmedabad,Doctorate,no,no,advanced,No,Yes,9,105,3,71,458,72,121,796
210,Simple_learn,ProjectManagement,Hyderabad,UnderGraduate,Yes,Yes,advanced,Yes,Yes,18,182,4,132,726,133,203,1361
211,Edureka,FullstackDataScience,Bengaluru,Doctorate,Yes,Yes,advanced,Yes,Yes,11,122,3,94,556,95,151,992
212,Edx,DigitalTransformation,Delhi,Doctorate,no,no,intermediate,Yes,Yes,16,173,4,124,675,125,186,1212
213,Datatrain,ProjectManagement,Kanpour,Graduate,no,Yes,beginer,No,Yes,17,176,4,130,690,131,191,1250
214,Guvi,DataScience,Ahmedabad,Doctorate,Yes,Yes,advanced,No,Yes,11,119,3,83,514,84,138,892
215,innomatics,DataScience,Hyderabad,Doctorate,Yes,no,intermediate,Yes,Yes,1,47,1,21,230,22,59,369
216,Edureka,ProjectManagement,Chennai,Graduate,Yes,Yes,intermediate,No,Yes,20,196,5,145,785,147,221,1477
217,Data_camp,Dataanalysis,Hyderabad,UnderGraduate,no,no,advanced,Yes,Yes,19,190,5,140,763,141,213,1421
218,innomatics,DigitalTransformation,Ahmedabad,Doctorate,Yes,no,beginer,No,Yes,17,182,4,134,740,134,196,1296
219,360DigiTMG,ProjectManagement,Pune,Graduate,Yes,Yes,advanced,Yes,Yes,12,143,3,99,645,98,163,1031
220,Edvancer,ProjectManagement,Bengaluru,Graduate,no,no,advanced,Yes,Yes,12,141,3,97,641,97,160,1028
221,innomatics,DigitalMarketing,Hyderabad,Graduate,no,Yes,advanced,Yes,Yes,4,63,1,36,299,37,78,497
222,innomatics,CloudComputing,Ahmedabad,Graduate,Yes,Yes,intermediate,No,Yes,1,48,1,22,234,23,60,376
223,innomatics,python,Bengaluru,Graduate,Yes,Yes,intermediate,No,Yes,5,70,1,42,323,43,85,533
224,innomatics,BigData,Ahmedabad,Graduate,no,Yes,advanced,No,Yes,8,95,4,64,424,65,116,730
225,Great_Learn,ArtificialIntelligence,Delhi,Graduate,no,Yes,beginer,No,Yes,8,107,3,77,636,78,128,811
226,Simple_learn,DataScience,Delhi,UnderGraduate,no,Yes,beginer,No,Yes,8,101,2,68,448,70,117,768
227,Guvi,ProjectManagement,Delhi,Doctorate,no,no,advanced,Yes,Yes,13,139,3,89,569,90,158,1026
228,Coursera,DataScience,Hyderabad,Doctorate,Yes,no,advanced,Yes,Yes,4,57,1,32,277,33,72,453
229,Great_Learn,DigitalMarketing,Bengaluru,Graduate,Yes,no,intermediate,No,Yes,19,192,5,145,760,146,215,1446
230,Udemy,FullstackDataScience,Bengaluru,Graduate,no,no,beginer,Yes,Yes,19,189,5,139,753,140,191,1385
231,ExcelR,CloudComputing,Hyderabad,UnderGraduate,Yes,no,intermediate,No,Yes,14,156,4,113,633,114,175,1134
232,Data_camp,CloudComputing,Bengaluru,Doctorate,no,Yes,advanced,No,Yes,11,115,3,80,503,81,133,867
233,Great_Learn,ArtificialIntelligence,Ahmedabad,UnderGraduate,no,no,beginer,No,Yes,2,51,1,24,246,25,63,414
234,Upgrad,Dataanalysis,Pune,Doctorate,no,no,intermediate,No,Yes,4,62,2,35,292,36,76,489
235,Udemy,DigitalMarketing,Calcutta,Graduate,no,no,intermediate,No,Yes,9,101,2,68,450,69,119,782
236,Guvi,DataScience,Ahmedabad,UnderGraduate,Yes,no,beginer,Yes,Yes,5,65,2,38,307,39,81,512
237,Coursera,DigitalTransformation,Hyderabad,UnderGraduate,no,Yes,beginer,Yes,Yes,15,160,4,117,647,118,180,1173
238,Edx,FullstackDataScience,Bengaluru,UnderGraduate,Yes,no,intermediate,No,Yes,13,140,3,100,580,101,159,1022
239,Edx,Dataanalysis,Kanpour,UnderGraduate,no,Yes,advanced,Yes,Yes,3,51,1,24,246,25,62,405
240,Edvancer,python,Chennai,UnderGraduate,Yes,no,advanced,No,Yes,16,171,4,125,685,126,191,1256
241,Edureka,FullstackDataScience,Ahmedabad,Doctorate,Yes,Yes,intermediate,No,Yes,16,171,4,125,685,126,191,1255
242,innomatics,Dataanalysis,Delhi,Graduate,Yes,no,beginer,Yes,Yes,13,141,3,101,586,102,160,1043
243,Simple_learn,BigData,Kanpour,UnderGraduate,Yes,Yes,advanced,No,Yes,12,124,3,88,531,89,143,928
244,Upgrad,DigitalMarketing,Chennai,Doctorate,Yes,Yes,advanced,Yes,Yes,13,135,3,96,565,97,154,1006
245,Udemy,python,Mumbai,UnderGraduate,Yes,no,beginer,No,Yes,3,57,1,32,277,33,72,453
246,Edx,BigData,Bengaluru,UnderGraduate,no,no,intermediate,Yes,Yes,18,187,5,139,747,142,210,1409
247,Data_camp,BigData,Pune,Doctorate,no,no,beginer,No,Yes,17,174,4,128,700,129,195,1289
248,Simple_learn,FullstackDataScience,Mumbai,Doctorate,Yes,Yes,intermediate,No,Yes,14,147,4,106,605,107,166,1083
249,Great_Learn,python,Bengaluru,UnderGraduate,Yes,no,intermediate,No,Yes,3,61,2,34,289,35,75,474
250,Coursera,Dataanalysis,Pune,UnderGraduate,no,no,advanced,Yes,Yes,18,184,4,136,738,137,207,1367
251,ExcelR,DigitalTransformation,Pune,UnderGraduate,no,no,beginer,No,Yes,16,172,4,126,692,127,193,1264
252,360DigiTMG,DataScience,Calcutta,Graduate,Yes,no,advanced,No,Yes,3,53,2,39,253,40,81,515
253,Coursera,DataScience,Ahmedabad,UnderGraduate,no,no,beginer,Yes,Yes,11,117,3,81,510,82,136,881
254,Simple_learn,DigitalMarketing,Chennai,Doctorate,no,Yes,advanced,No,Yes,18,181,4,134,727,135,203,1346
255,Great_Learn,DigitalMarketing,Chennai,Graduate,no,no,intermediate,No,Yes,8,88,2,58,396,59,105,674
256,Datatrain,DigitalMarketing,Bengaluru,Graduate,Yes,Yes,intermediate,Yes,Yes,15,161,4,116,647,118,180,1164
257,Edvancer,Dataanalysis,Ahmedabad,Doctorate,no,no,beginer,No,Yes,15,161,4,116,648,118,180,1167
258,Simple_learn,FullstackDataScience,Pune,Graduate,Yes,no,beginer,Yes,Yes,10,107,3,73,471,74,126,811
259,Edx,CloudComputing,Bengaluru,UnderGraduate,no,Yes,beginer,No,Yes,16,167,4,122,671,123,187,1225
260,innomatics,DigitalTransformation,Ahmedabad,Graduate,Yes,no,beginer,No,Yes,13,141,3,101,586,102,160,1043
261,innomatics,BigData,Calcutta,UnderGraduate,no,Yes,intermediate,Yes,Yes,4,61,1,34,290,35,79,475
262,Simple_learn,FullstackDataScience,Ahmedabad,Graduate,no,no,beginer,Yes,Yes,18,182,4,133,712,135,205,1356
263,Data_camp,Dataanalysis,Kanpour,Doctorate,Yes,Yes,intermediate,Yes,Yes,15,165,4,119,663,121,185,1208
264,Data_camp,FullstackDataScience,Chennai,UnderGraduate,Yes,Yes,advanced,Yes,Yes,3,56,1,29,267,30,70,438
265,Simple_learn,python,Pune,Graduate,no,Yes,advanced,Yes,Yes,15,153,4,111,624,112,172,1124
266,Udemy,Dataanalysis,Hyderabad,Graduate,no,no,beginer,Yes,Yes,1,46,1,20,227,21,57,355
267,360DigiTMG,DataScience,Delhi,UnderGraduate,Yes,Yes,intermediate,No,Yes,3,58,1,31,278,32,72,452
268,Edx,python,Kanpour,Graduate,no,Yes,beginer,No,Yes,1,47,1,21,232,22,59,364
269,Simple_learn,Dataanalysis,Delhi,Doctorate,no,Yes,beginer,No,Yes,10,105,2,70,462,72,123,796
270,Guvi,python,Pune,UnderGraduate,no,no,beginer,Yes,Yes,6,75,2,47,347,48,92,585
271,ExcelR,DigitalTransformation,Ahmedabad,Graduate,no,no,intermediate,Yes,Yes,11,111,3,75,484,77,129,836
272,360DigiTMG,DataScience,Bengaluru,Graduate,no,Yes,beginer,No,Yes,6,78,2,51,356,52,95,602
273,innomatics,ArtificialIntelligence,Calcutta,Graduate,no,no,intermediate,No,Yes,11,114,3,79,498,80,133,863
274,Coursera,FullstackDataScience,Calcutta,UnderGraduate,Yes,no,intermediate,No,Yes,8,97,2,65,431,67,105,743
275,ExcelR,DigitalTransformation,Delhi,Doctorate,Yes,Yes,intermediate,No,Yes,1,42,1,16,209,17,52,320
276,360DigiTMG,CloudComputing,Bengaluru,UnderGraduate,Yes,Yes,intermediate,No,Yes,20,198,5,148,798,149,224,1495
277,Edx,CloudComputing,Calcutta,Graduate,no,Yes,advanced,No,Yes,15,160,4,115,645,117,179,1167
278,360DigiTMG,ProjectManagement,Mumbai,UnderGraduate,Yes,Yes,intermediate,No,Yes,14,147,4,105,603,106,166,1082
279,Data_camp,python,Mumbai,UnderGraduate,Yes,no,intermediate,No,Yes,10,96,2,63,429,65,114,735
280,innomatics,DataScience,Ahmedabad,Graduate,no,no,beginer,Yes,Yes,16,172,4,125,692,127,193,1271
281,360DigiTMG,BigData,Chennai,UnderGraduate,Yes,Yes,advanced,No,Yes,11,121,3,84,520,85,140,905
282,ExcelR,CloudComputing,Kanpour,UnderGraduate,Yes,Yes,advanced,No,Yes,8,90,2,58,404,60,107,690
283,ExcelR,Dataanalysis,Calcutta,UnderGraduate,no,no,intermediate,Yes,Yes,19,188,5,139,755,140,211,1405
284,Coursera,Dataanalysis,Delhi,Graduate,Yes,Yes,advanced,Yes,Yes,18,185,5,135,741,137,207,1378
285,Datatrain,DigitalTransformation,Bengaluru,UnderGraduate,no,Yes,advanced,Yes,Yes,6,74,2,45,341,47,90,574
286,Edx,BigData,Pune,Graduate,no,no,beginer,No,Yes,17,178,4,131,715,132,200,1322
287,Edvancer,ArtificialIntelligence,Hyderabad,Graduate,Yes,Yes,beginer,No,Yes,9,106,3,71,467,73,124,804
288,360DigiTMG,BigData,Chennai,UnderGraduate,Yes,no,beginer,Yes,Yes,17,175,4,128,703,129,196,1294
289,Great_Learn,ProjectManagement,Mumbai,Graduate,Yes,Yes,intermediate,No,Yes,8,98,2,65,437,67,112,749
290,Coursera,DataScience,Pune,Graduate,Yes,Yes,advanced,Yes,Yes,9,101,2,68,448,69,119,769
291,Upgrad,ArtificialIntelligence,Bengaluru,Doctorate,Yes,no,beginer,No,Yes,6,72,2,44,335,45,88,563
292,Coursera,CloudComputing,Delhi,Doctorate,Yes,no,intermediate,No,Yes,17,178,4,131,715,132,200,1322
293,ExcelR,ArtificialIntelligence,Bengaluru,Graduate,Yes,Yes,advanced,No,Yes,14,145,4,104,599,105,164,1073
294,Edvancer,python,Chennai,Doctorate,Yes,Yes,intermediate,No,Yes,2,49,1,22,238,23,61,376
295,Data_camp,DataScience,Hyderabad,Doctorate,no,no,beginer,No,Yes,1,44,1,18,220,19,55,339
296,Great_Learn,ProjectManagement,Mumbai,Doctorate,Yes,Yes,advanced,Yes,Yes,4,64,2,35,300,37,78,495
297,Simple_learn,BigData,Bengaluru,Doctorate,Yes,Yes,advanced,No,Yes,18,186,5,138,747,139,209,1390
298,Datatrain,DigitalTransformation,Chennai,Doctorate,Yes,Yes,intermediate,Yes,Yes,13,139,3,98,579,100,158,1028
299,Edvancer,ArtificialIntelligence,Chennai,UnderGraduate,no,Yes,intermediate,Yes,Yes,16,171,4,125,689,126,192,1264
300,Edureka,DigitalMarketing,Chennai,Graduate,no,no,intermediate,Yes,Yes,16,174,4,127,700,129,195,1287
301,Great_Learn,ArtificialIntelligence,Delhi,Graduate,no,no,advanced,No,Yes,17,182,5,134,730,135,204,1353
302,innomatics,CloudComputing,Kanpour,Graduate,no,Yes,advanced,No,Yes,1,45,1,19,221,20,56,342
303,Upgrad,ProjectManagement,Calcutta,Graduate,no,Yes,advanced,Yes,Yes,8,97,2,65,434,66,115,745
304,Udemy,FullstackDataScience,Chennai,Doctorate,Yes,Yes,intermediate,Yes,Yes,17,176,4,120,709,121,198,1307
305,Guvi,ProjectManagement,Pune,Graduate,no,no,advanced,Yes,Yes,3,55,1,27,263,29,68,424
306,Simple_learn,BigData,Bengaluru,UnderGraduate,no,no,intermediate,No,Yes,1,42,1,16,205,17,51,311
307,360DigiTMG,DigitalMarketing,Hyderabad,UnderGraduate,no,no,intermediate,No,Yes,6,83,2,54,377,55,100,641
308,Coursera,ArtificialIntelligence,Chennai,Graduate,Yes,Yes,intermediate,Yes,Yes,7,92,2,61,415,62,110,710
309,Simple_learn,CloudComputing,Bengaluru,Graduate,no,Yes,advanced,Yes,Yes,19,189,4,129,754,131,212,1379
310,ExcelR,python,Ahmedabad,Doctorate,Yes,no,intermediate,No,Yes,18,187,4,128,752,130,211,1370
311,Udemy,FullstackDataScience,Bengaluru,UnderGraduate,Yes,Yes,intermediate,Yes,Yes,3,55,1,28,264,29,68,425
312,Great_Learn,Dataanalysis,Pune,UnderGraduate,Yes,Yes,advanced,No,Yes,4,61,1,33,289,35,75,473
313,Upgrad,ProjectManagement,Bengaluru,Doctorate,Yes,no,intermediate,No,Yes,15,156,4,112,769,114,175,1143
314,Udemy,python,Hyderabad,Doctorate,Yes,no,intermediate,Yes,Yes,15,163,4,118,650,119,182,1197
315,Udemy,BigData,Kanpour,Doctorate,no,no,beginer,Yes,Yes,12,127,3,90,542,91,146,952
316,ExcelR,DataScience,Hyderabad,Graduate,Yes,no,beginer,No,Yes,7,90,2,59,407,61,108,695
317,innomatics,FullstackDataScience,Mumbai,UnderGraduate,no,no,advanced,Yes,Yes,3,54,1,27,258,28,66,413
318,Udemy,DigitalMarketing,Calcutta,Doctorate,Yes,Yes,beginer,No,Yes,8,92,4,60,412,62,109,704
319,Datatrain,DigitalMarketing,Chennai,UnderGraduate,no,no,advanced,No,Yes,19,191,5,141,767,143,215,1433
320,Udemy,DigitalMarketing,Hyderabad,Graduate,no,no,beginer,Yes,Yes,12,130,3,92,550,93,149,969
321,Edvancer,ProjectManagement,Chennai,Graduate,Yes,no,intermediate,Yes,Yes,11,115,3,80,503,81,134,870
322,innomatics,python,Bengaluru,UnderGraduate,no,Yes,beginer,Yes,Yes,11,114,3,79,502,80,133,860
323,Edureka,python,Bengaluru,Doctorate,no,no,beginer,No,Yes,19,191,5,141,764,142,214,1427
324,Edureka,Dataanalysis,Ahmedabad,Doctorate,Yes,no,advanced,No,Yes,8,93,2,62,418,63,111,714
325,Simple_learn,BigData,Hyderabad,Graduate,Yes,no,intermediate,No,Yes,17,182,4,133,729,135,204,1352
326,Datatrain,DigitalTransformation,Ahmedabad,Graduate,Yes,Yes,beginer,Yes,Yes,13,134,3,95,564,96,153,997
327,Coursera,BigData,Hyderabad,Doctorate,no,no,beginer,No,Yes,11,114,3,78,496,80,133,859
328,Guvi,python,Hyderabad,Doctorate,no,Yes,advanced,Yes,Yes,13,133,3,94,558,95,152,987
329,Simple_learn,FullstackDataScience,Bengaluru,Doctorate,Yes,Yes,advanced,Yes,Yes,13,129,3,91,547,92,148,962
330,Upgrad,BigData,Pune,Doctorate,no,no,beginer,No,Yes,13,127,3,88,539,90,146,946
331,Datatrain,BigData,Bengaluru,Graduate,no,Yes,beginer,No,Yes,17,173,4,127,697,128,194,1282
332,Upgrad,ProjectManagement,Hyderabad,Doctorate,Yes,no,intermediate,Yes,Yes,17,178,4,131,715,132,200,1321
333,Upgrad,DataScience,Mumbai,UnderGraduate,Yes,Yes,intermediate,No,Yes,5,67,2,39,313,40,82,551
334,Upgrad,FullstackDataScience,Chennai,Graduate,Yes,no,intermediate,Yes,Yes,19,193,5,142,775,144,217,1448
335,Datatrain,ArtificialIntelligence,Ahmedabad,Graduate,no,Yes,beginer,Yes,Yes,16,167,4,122,674,123,188,1233
336,Great_Learn,DataScience,Hyderabad,UnderGraduate,Yes,no,intermediate,No,Yes,13,145,4,107,612,108,168,1098
337,ExcelR,python,Calcutta,Graduate,no,Yes,advanced,No,Yes,12,142,3,101,588,102,161,1050
338,Edvancer,ArtificialIntelligence,Hyderabad,Doctorate,no,Yes,beginer,No,Yes,15,169,4,123,679,124,189,1243
339,Coursera,CloudComputing,Ahmedabad,UnderGraduate,Yes,Yes,beginer,Yes,Yes,12,124,3,87,532,88,143,923
340,innomatics,BigData,Calcutta,Doctorate,Yes,Yes,intermediate,No,Yes,6,82,2,53,372,54,99,631
341,Guvi,python,Mumbai,Graduate,Yes,no,advanced,No,Yes,17,177,4,131,712,131,199,1316
342,Upgrad,ProjectManagement,Mumbai,Doctorate,Yes,Yes,beginer,No,Yes,6,82,2,52,372,54,99,631
343,Data_camp,ArtificialIntelligence,Pune,UnderGraduate,no,Yes,beginer,No,Yes,6,83,2,54,379,55,100,643
344,Great_Learn,DigitalTransformation,Delhi,Doctorate,no,Yes,beginer,No,Yes,9,106,3,72,467,73,124,806
345,Great_Learn,Dataanalysis,Chennai,Doctorate,no,Yes,advanced,Yes,Yes,13,133,3,94,558,95,152,986
346,Upgrad,DigitalTransformation,Calcutta,Graduate,no,Yes,beginer,Yes,Yes,19,190,5,141,761,142,213,1419
347,ExcelR,DigitalTransformation,Bengaluru,Doctorate,Yes,Yes,beginer,No,Yes,13,143,3,102,591,103,162,1055
348,innomatics,ProjectManagement,Hyderabad,Doctorate,Yes,no,advanced,No,Yes,6,78,2,50,360,51,95,610
349,Edvancer,ProjectManagement,Chennai,Graduate,Yes,Yes,intermediate,Yes,Yes,13,140,3,100,581,101,159,1034
350,Simple_learn,python,Mumbai,Graduate,Yes,Yes,intermediate,Yes,Yes,6,77,2,49,354,50,94,598
351,Simple_learn,ProjectManagement,Delhi,Doctorate,Yes,no,intermediate,Yes,Yes,12,127,3,89,539,90,146,945
352,Upgrad,CloudComputing,Mumbai,Graduate,Yes,no,intermediate,No,Yes,20,199,5,148,799,149,224,1495
353,Datatrain,DataScience,Hyderabad,Doctorate,Yes,no,beginer,No,Yes,3,59,1,32,280,33,72,456
354,innomatics,DataScience,Bengaluru,Doctorate,Yes,Yes,beginer,Yes,Yes,11,111,3,76,485,77,130,840
355,Great_Learn,DigitalTransformation,Hyderabad,Doctorate,Yes,Yes,intermediate,Yes,Yes,20,199,5,149,799,149,224,1496
356,ExcelR,Dataanalysis,Kanpour,Graduate,Yes,no,intermediate,No,Yes,11,113,3,78,495,79,132,857
357,innomatics,CloudComputing,Pune,UnderGraduate,Yes,Yes,beginer,No,Yes,5,72,2,44,335,45,88,561
358,Datatrain,DataScience,Chennai,UnderGraduate,Yes,no,beginer,No,Yes,2,50,1,24,244,25,62,388
359,Great_Learn,python,Calcutta,Doctorate,Yes,no,intermediate,No,Yes,13,142,3,101,588,102,161,1049
360,Upgrad,BigData,Calcutta,Doctorate,Yes,Yes,advanced,No,Yes,13,136,3,97,570,98,155,1011
361,ExcelR,DigitalTransformation,Calcutta,UnderGraduate,no,no,advanced,No,Yes,13,140,3,100,581,101,159,1036
362,Edureka,ArtificialIntelligence,Bengaluru,UnderGraduate,Yes,no,intermediate,No,Yes,19,187,4,137,750,139,210,1396
363,Edureka,FullstackDataScience,Chennai,Graduate,no,no,beginer,No,Yes,8,94,2,62,419,63,112,718
364,Edvancer,FullstackDataScience,Bengaluru,UnderGraduate,Yes,Yes,advanced,No,Yes,9,99,2,67,440,68,117,755
365,Edureka,ProjectManagement,Hyderabad,Doctorate,Yes,no,beginer,Yes,Yes,10,108,3,74,474,75,127,818
366,360DigiTMG,Dataanalysis,Ahmedabad,Doctorate,Yes,Yes,intermediate,No,Yes,15,158,4,114,639,115,177,1156
367,Datatrain,ProjectManagement,Mumbai,UnderGraduate,Yes,Yes,intermediate,No,Yes,8,92,2,61,413,62,110,706
368,Great_Learn,python,Delhi,Graduate,Yes,no,intermediate,Yes,Yes,10,110,3,75,481,76,128,832
369,Guvi,ArtificialIntelligence,Chennai,Graduate,Yes,no,beginer,No,Yes,9,97,2,65,432,66,115,740
370,Edx,ArtificialIntelligence,Mumbai,Graduate,Yes,Yes,advanced,Yes,Yes,1,43,1,17,208,18,54,331
371,Coursera,ProjectManagement,Pune,Doctorate,Yes,Yes,beginer,Yes,Yes,19,186,5,136,746,138,209,1386
372,Udemy,python,Pune,Graduate,no,Yes,beginer,No,Yes,7,85,2,55,386,56,103,657
373,Udemy,FullstackDataScience,Pune,UnderGraduate,no,no,advanced,Yes,Yes,3,57,1,30,270,31,70,437
374,Udemy,Dataanalysis,Ahmedabad,Graduate,no,Yes,advanced,No,Yes,7,87,2,57,393,58,104,670
375,Data_camp,CloudComputing,Mumbai,UnderGraduate,Yes,no,beginer,No,Yes,13,129,3,91,547,92,148,963
376,Coursera,DigitalTransformation,Kanpour,Doctorate,Yes,Yes,advanced,Yes,Yes,13,131,3,92,549,93,149,967
377,Simple_learn,DigitalMarketing,Mumbai,Doctorate,Yes,no,beginer,No,Yes,2,49,1,23,241,24,61,383
378,Edx,BigData,Chennai,Doctorate,no,Yes,advanced,No,Yes,4,61,1,34,289,35,75,474
379,Edvancer,BigData,Bengaluru,UnderGraduate,Yes,Yes,intermediate,Yes,Yes,12,128,3,90,543,91,147,953
380,Edureka,DataScience,Hyderabad,Doctorate,no,no,intermediate,Yes,Yes,2,49,1,22,238,23,61,376
381,ExcelR,Dataanalysis,Pune,Graduate,Yes,Yes,advanced,No,Yes,11,121,3,84,519,85,139,897
382,Guvi,CloudComputing,Bengaluru,Doctorate,no,no,intermediate,Yes,Yes,18,178,4,131,705,132,199,1318
383,Data_camp,DigitalTransformation,Chennai,Graduate,Yes,Yes,intermediate,No,Yes,13,136,3,97,571,98,155,1012
384,Great_Learn,DigitalMarketing,Kanpour,UnderGraduate,no,no,intermediate,Yes,Yes,17,173,4,126,697,128,194,1281
385,Coursera,FullstackDataScience,Hyderabad,Graduate,no,Yes,beginer,Yes,Yes,13,135,3,95,565,97,154,999
386,Data_camp,Dataanalysis,Bengaluru,UnderGraduate,no,Yes,beginer,No,Yes,14,154,3,78,492,79,131,852
387,Edureka,CloudComputing,Hyderabad,Graduate,Yes,no,advanced,Yes,Yes,16,169,4,124,680,125,189,1246
388,Edvancer,CloudComputing,Mumbai,Doctorate,Yes,no,beginer,Yes,Yes,19,192,5,144,787,145,221,1475
389,Data_camp,Dataanalysis,Delhi,Doctorate,no,no,intermediate,Yes,Yes,7,83,2,54,377,55,100,640
390,Coursera,python,Chennai,UnderGraduate,Yes,Yes,beginer,Yes,Yes,2,51,1,24,246,25,63,389
391,Edx,ArtificialIntelligence,Hyderabad,Graduate,no,Yes,beginer,No,Yes,16,167,4,122,671,123,187,1225
392,ExcelR,DataScience,Kanpour,UnderGraduate,no,no,advanced,No,Yes,12,124,3,87,531,88,143,928
393,innomatics,ArtificialIntelligence,Chennai,Graduate,no,no,beginer,No,Yes,10,110,3,75,481,76,128,831
394,Great_Learn,BigData,Ahmedabad,Graduate,Yes,no,beginer,No,Yes,17,178,4,131,714,132,199,1317
395,ExcelR,ProjectManagement,Chennai,Graduate,no,Yes,intermediate,No,Yes,3,57,1,30,270,31,70,439
396,Data_camp,python,Mumbai,Graduate,Yes,Yes,intermediate,No,Yes,3,54,1,27,258,28,66,413
397,Coursera,python,Kanpour,Doctorate,no,Yes,beginer,No,Yes,15,166,4,121,666,122,185,1215
398,Great_Learn,ProjectManagement,Bengaluru,Graduate,Yes,no,intermediate,Yes,Yes,11,115,3,80,475,81,132,853
399,Edx,FullstackDataScience,Ahmedabad,Graduate,no,Yes,intermediate,No,Yes,2,51,1,24,246,25,63,384
400,Edx,Dataanalysis,Pune,UnderGraduate,no,Yes,advanced,Yes,Yes,2,48,1,17,231,18,59,363
401,innomatics,ProjectManagement,Hyderabad,Doctorate,no,no,advanced,Yes,Yes,16,172,4,126,692,127,193,1272
402,Upgrad,FullstackDataScience,Delhi,Graduate,no,no,beginer,No,Yes,13,143,3,103,592,104,161,1057
403,Simple_learn,python,Bengaluru,Graduate,Yes,Yes,beginer,No,Yes,12,125,3,88,525,89,144,936
404,Datatrain,DigitalMarketing,Kanpour,UnderGraduate,Yes,no,intermediate,Yes,Yes,17,176,4,131,720,133,201,1329
405,Guvi,CloudComputing,Chennai,Graduate,no,no,beginer,Yes,Yes,13,139,3,99,579,100,158,1030
406,Coursera,CloudComputing,Bengaluru,Graduate,Yes,Yes,beginer,Yes,Yes,3,57,1,30,273,31,71,444
407,Edvancer,ArtificialIntelligence,Pune,Graduate,no,Yes,advanced,No,Yes,5,65,2,38,306,39,80,506
408,Upgrad,DigitalMarketing,Ahmedabad,UnderGraduate,Yes,no,intermediate,No,Yes,6,74,2,46,341,47,90,574
409,Edureka,Dataanalysis,Bengaluru,Graduate,no,no,beginer,Yes,Yes,10,109,3,75,478,76,127,826
410,Data_camp,python,Mumbai,Graduate,Yes,Yes,beginer,Yes,Yes,5,67,2,40,315,41,83,524
411,Edx,ArtificialIntelligence,Bengaluru,Graduate,Yes,no,beginer,No,Yes,19,194,5,143,779,145,219,1458
412,Edx,BigData,Chennai,UnderGraduate,no,no,advanced,Yes,Yes,20,196,5,145,787,147,221,1474
413,Great_Learn,ProjectManagement,Hyderabad,Doctorate,Yes,Yes,beginer,Yes,Yes,18,175,4,128,692,129,151,979
414,Simple_learn,DataScience,Delhi,Doctorate,no,Yes,beginer,Yes,Yes,6,79,2,51,363,52,96,616
415,Simple_learn,ArtificialIntelligence,Hyderabad,UnderGraduate,no,no,beginer,Yes,Yes,16,169,4,123,680,125,189,1247
416,Guvi,ProjectManagement,Mumbai,Graduate,no,no,beginer,Yes,Yes,7,84,2,55,382,56,68,649
417,Edvancer,ProjectManagement,Ahmedabad,Doctorate,no,Yes,intermediate,No,Yes,5,62,1,30,406,31,65,401
418,Upgrad,ProjectManagement,Bengaluru,Graduate,no,Yes,advanced,No,Yes,5,61,1,34,290,35,75,475
419,ExcelR,DigitalMarketing,Calcutta,Graduate,no,Yes,beginer,Yes,Yes,13,142,3,101,724,102,161,1049
420,Udemy,ProjectManagement,Kanpour,Doctorate,no,Yes,beginer,Yes,Yes,19,192,4,141,770,143,216,1440
421,Edureka,CloudComputing,Kanpour,Graduate,Yes,no,beginer,Yes,Yes,14,152,4,110,620,111,181,1114
422,Edx,DataScience,Chennai,UnderGraduate,Yes,Yes,intermediate,No,Yes,11,120,3,84,524,85,140,908
423,innomatics,DataScience,Pune,Graduate,no,Yes,intermediate,No,Yes,17,174,4,128,700,129,195,1287
424,innomatics,ProjectManagement,Pune,UnderGraduate,Yes,Yes,intermediate,No,Yes,2,50,1,24,244,25,62,388
425,Edx,DigitalTransformation,Delhi,UnderGraduate,Yes,no,advanced,Yes,Yes,8,94,2,63,421,64,112,722
426,ExcelR,DataScience,Delhi,Graduate,Yes,Yes,beginer,No,Yes,5,67,2,38,312,40,82,517
427,Simple_learn,ProjectManagement,Pune,Graduate,Yes,Yes,intermediate,Yes,Yes,17,176,4,129,708,130,198,1303
428,Edureka,Dataanalysis,Hyderabad,UnderGraduate,Yes,no,advanced,Yes,Yes,7,88,2,58,397,59,106,679
429,Simple_learn,python,Bengaluru,Doctorate,no,Yes,advanced,No,Yes,20,196,5,148,796,149,224,1495
430,Data_camp,DigitalTransformation,Calcutta,Graduate,Yes,Yes,beginer,No,Yes,19,193,5,143,775,144,217,1443
431,innomatics,ProjectManagement,Calcutta,Graduate,Yes,no,advanced,Yes,Yes,8,92,2,61,412,62,109,705
432,Data_camp,Dataanalysis,Calcutta,Doctorate,Yes,no,advanced,Yes,Yes,11,114,3,78,493,79,132,853
433,Edvancer,BigData,Ahmedabad,Graduate,no,no,beginer,Yes,Yes,12,126,3,88,536,89,145,940
434,Edvancer,Dataanalysis,Kanpour,Graduate,Yes,Yes,beginer,Yes,Yes,20,194,5,147,794,148,223,1494
435,Datatrain,DigitalMarketing,Calcutta,Graduate,no,no,beginer,Yes,Yes,13,134,3,95,564,96,153,998
436,Coursera,CloudComputing,Chennai,Doctorate,no,no,advanced,No,Yes,8,90,2,59,404,60,107,691
437,Upgrad,DigitalMarketing,Calcutta,Doctorate,Yes,no,intermediate,Yes,Yes,15,156,4,111,657,113,133,866
438,Upgrad,DataScience,Hyderabad,Graduate,no,no,intermediate,Yes,Yes,16,168,4,123,677,124,189,1238
439,Coursera,CloudComputing,Mumbai,UnderGraduate,Yes,no,intermediate,Yes,Yes,1,44,1,18,220,19,55,340
440,Coursera,ProjectManagement,Ahmedabad,Doctorate,Yes,no,intermediate,No,Yes,18,179,4,132,720,133,201,1330
441,ExcelR,DigitalTransformation,Ahmedabad,Doctorate,Yes,Yes,advanced,Yes,Yes,18,185,4,137,743,138,208,1380
442,Simple_learn,ProjectManagement,Ahmedabad,Doctorate,Yes,no,advanced,Yes,Yes,8,93,2,62,416,63,111,712
443,Coursera,DigitalMarketing,Kanpour,UnderGraduate,Yes,Yes,advanced,No,Yes,10,109,3,75,479,76,128,828
444,360DigiTMG,DigitalMarketing,Hyderabad,Doctorate,Yes,Yes,advanced,No,Yes,13,129,3,91,547,92,148,962
445,Simple_learn,python,Bengaluru,Graduate,Yes,no,intermediate,No,Yes,1,41,1,15,207,16,52,307
446,360DigiTMG,Dataanalysis,Kanpour,Graduate,no,Yes,advanced,Yes,Yes,11,118,3,84,511,83,137,886
447,Great_Learn,CloudComputing,Chennai,Graduate,Yes,Yes,beginer,No,Yes,6,76,2,48,351,49,93,589
448,innomatics,FullstackDataScience,Kanpour,UnderGraduate,no,no,intermediate,No,Yes,14,151,3,109,616,110,170,1110
449,innomatics,DigitalTransformation,Kanpour,Doctorate,no,no,advanced,Yes,Yes,10,111,3,76,485,77,130,840
450,Coursera,ArtificialIntelligence,Mumbai,Doctorate,no,Yes,beginer,No,Yes,2,51,1,25,249,26,64,396
451,360DigiTMG,ProjectManagement,Delhi,Doctorate,no,Yes,intermediate,No,Yes,14,152,3,109,621,111,171,1117
452,Simple_learn,ArtificialIntelligence,Ahmedabad,Doctorate,no,Yes,beginer,No,Yes,19,189,5,140,758,141,219,1414
453,Edvancer,DataScience,Delhi,Doctorate,no,no,beginer,Yes,Yes,17,180,4,133,724,134,202,1319
454,Great_Learn,ProjectManagement,Hyderabad,Graduate,no,Yes,advanced,Yes,Yes,10,112,3,77,490,78,131,848
455,Guvi,FullstackDataScience,Kanpour,Doctorate,no,no,intermediate,Yes,Yes,14,153,4,109,622,111,172,1120
456,Udemy,python,Mumbai,Doctorate,Yes,Yes,beginer,No,Yes,10,111,3,77,465,78,130,842
457,Great_Learn,ProjectManagement,Kanpour,Graduate,Yes,no,intermediate,Yes,Yes,9,106,3,72,465,73,124,802
458,Datatrain,DigitalMarketing,Calcutta,UnderGraduate,Yes,no,advanced,No,Yes,15,156,4,112,633,114,175,1145
459,Udemy,FullstackDataScience,Pune,Doctorate,no,no,intermediate,Yes,Yes,4,59,1,31,280,33,72,456
460,Upgrad,DataScience,Delhi,Graduate,no,no,intermediate,Yes,Yes,6,75,2,47,347,48,92,578
461,Guvi,DigitalTransformation,Hyderabad,Doctorate,Yes,no,advanced,No,Yes,11,118,3,84,511,83,137,882
462,Edx,DataScience,Kanpour,Graduate,Yes,no,advanced,Yes,Yes,2,51,1,23,247,25,63,392
463,Upgrad,ProjectManagement,Kanpour,UnderGraduate,Yes,no,beginer,No,Yes,11,118,3,84,511,83,138,883
464,Simple_learn,CloudComputing,Delhi,UnderGraduate,no,Yes,beginer,No,Yes,16,169,4,124,682,125,190,1248
465,Simple_learn,ArtificialIntelligence,Delhi,UnderGraduate,no,no,advanced,No,Yes,12,124,3,87,532,88,143,932
466,Edx,python,Hyderabad,Graduate,no,Yes,advanced,No,Yes,14,148,4,105,606,107,167,1085
467,Upgrad,FullstackDataScience,Kanpour,Graduate,Yes,Yes,advanced,No,Yes,8,88,3,91,554,92,106,677
468,Great_Learn,python,Ahmedabad,Doctorate,Yes,Yes,advanced,Yes,Yes,11,113,3,78,495,79,132,858
469,Guvi,DigitalTransformation,Ahmedabad,UnderGraduate,Yes,Yes,advanced,Yes,Yes,2,51,1,25,249,26,64,397
470,innomatics,ProjectManagement,Bengaluru,Doctorate,Yes,no,intermediate,Yes,Yes,20,198,5,148,794,149,223,1492
471,Udemy,Dataanalysis,Calcutta,Graduate,Yes,Yes,advanced,No,Yes,9,105,3,71,462,72,123,796
472,Coursera,BigData,Pune,UnderGraduate,Yes,Yes,beginer,No,Yes,15,159,4,115,642,116,178,1161
473,Edureka,BigData,Hyderabad,Graduate,no,no,advanced,No,Yes,18,177,4,129,711,131,198,1295
474,Upgrad,DigitalMarketing,Calcutta,Graduate,no,no,advanced,Yes,Yes,3,56,1,28,267,30,69,432
475,Simple_learn,python,Ahmedabad,Doctorate,Yes,Yes,advanced,Yes,Yes,17,174,4,127,698,128,195,1285
476,Datatrain,DataScience,Chennai,UnderGraduate,Yes,no,advanced,No,Yes,9,97,2,64,434,66,115,745
477,Datatrain,BigData,Hyderabad,Graduate,no,Yes,advanced,No,Yes,13,134,3,95,562,96,153,996
478,Guvi,ArtificialIntelligence,Calcutta,UnderGraduate,no,Yes,intermediate,Yes,Yes,5,65,2,38,306,39,80,505
479,Guvi,DataScience,Mumbai,Graduate,no,Yes,advanced,No,Yes,11,120,3,85,515,84,138,889
480,Great_Learn,Dataanalysis,Hyderabad,Doctorate,no,Yes,intermediate,No,Yes,17,173,4,127,697,128,194,1280
481,Udemy,FullstackDataScience,Chennai,UnderGraduate,Yes,Yes,beginer,No,Yes,13,139,4,103,577,104,158,1027
482,Coursera,Dataanalysis,Delhi,Doctorate,no,no,advanced,Yes,Yes,6,77,2,49,354,50,94,595
483,360DigiTMG,DigitalTransformation,Pune,UnderGraduate,Yes,no,advanced,Yes,Yes,18,179,4,131,720,133,201,1329
484,Datatrain,CloudComputing,Chennai,Graduate,Yes,Yes,advanced,No,Yes,14,145,3,104,599,105,164,1073
485,Edureka,ArtificialIntelligence,Hyderabad,UnderGraduate,no,Yes,beginer,No,Yes,14,143,3,102,592,104,162,1058
486,ExcelR,DataScience,Calcutta,Doctorate,Yes,Yes,advanced,No,Yes,15,159,4,115,640,117,179,1167
487,Edx,DataScience,Mumbai,Graduate,Yes,Yes,beginer,No,Yes,2,51,1,24,246,25,63,390
488,Edvancer,FullstackDataScience,Pune,UnderGraduate,Yes,Yes,advanced,Yes,Yes,7,85,2,54,386,56,103,657
489,Upgrad,CloudComputing,Kanpour,UnderGraduate,no,Yes,advanced,No,Yes,1,42,1,15,210,16,52,307
490,Guvi,DigitalMarketing,Ahmedabad,Graduate,Yes,Yes,intermediate,No,Yes,9,136,3,97,569,98,155,1010
491,Data_camp,CloudComputing,Ahmedabad,Doctorate,no,Yes,beginer,Yes,Yes,16,171,4,124,686,126,191,1257
492,innomatics,DigitalMarketing,Bengaluru,Doctorate,Yes,no,beginer,Yes,Yes,12,127,3,89,539,90,146,946
493,ExcelR,BigData,Calcutta,Doctorate,Yes,no,advanced,Yes,Yes,11,121,3,84,520,85,140,904
494,Data_camp,ProjectManagement,Calcutta,UnderGraduate,no,Yes,beginer,Yes,Yes,13,139,4,103,577,104,158,1027
495,Data_camp,ProjectManagement,Chennai,UnderGraduate,no,no,beginer,Yes,Yes,6,74,2,46,343,47,90,578
496,Data_camp,Dataanalysis,Bengaluru,Graduate,Yes,Yes,advanced,No,Yes,15,159,4,116,640,117,179,1167
497,Datatrain,DigitalMarketing,Mumbai,Doctorate,Yes,no,advanced,No,Yes,12,128,3,90,545,91,147,958
498,360DigiTMG,DigitalMarketing,Pune,UnderGraduate,Yes,Yes,beginer,No,Yes,11,119,3,83,515,84,138,896
499,Edx,ArtificialIntelligence,Delhi,Doctorate,no,Yes,advanced,Yes,Yes,12,127,3,89,539,90,146,946
500,innomatics,DataScience,Chennai,Graduate,Yes,no,intermediate,No,Yes,7,86,2,56,390,57,100,665
501,Upgrad,DigitalMarketing,Calcutta,UnderGraduate,no,Yes,beginer,No,Yes,11,118,3,84,511,83,137,887
502,Data_camp,ProjectManagement,Kanpour,UnderGraduate,no,no,intermediate,No,Yes,10,109,3,75,478,76,127,825
503,Upgrad,FullstackDataScience,Delhi,UnderGraduate,Yes,no,intermediate,No,Yes,17,178,4,131,714,132,199,1318
504,Upgrad,DigitalTransformation,Chennai,Doctorate,Yes,Yes,intermediate,Yes,Yes,12,127,3,89,541,90,146,948
505,Great_Learn,DigitalMarketing,Ahmedabad,Doctorate,no,no,intermediate,No,Yes,7,83,2,53,377,54,100,642
506,Datatrain,DataScience,Calcutta,UnderGraduate,no,Yes,beginer,No,Yes,13,143,4,103,592,104,162,1057
507,innomatics,CloudComputing,Ahmedabad,Doctorate,no,Yes,advanced,No,Yes,19,194,5,144,779,145,219,1459
508,ExcelR,FullstackDataScience,Kanpour,Graduate,no,Yes,beginer,Yes,Yes,9,105,3,72,463,73,124,800
509,Coursera,DigitalMarketing,Calcutta,UnderGraduate,Yes,no,beginer,Yes,Yes,16,168,4,123,675,124,188,1235
510,360DigiTMG,python,Bengaluru,Doctorate,Yes,Yes,intermediate,No,Yes,13,130,3,90,545,91,147,950
511,Edureka,BigData,Ahmedabad,Graduate,Yes,no,beginer,Yes,Yes,4,68,2,40,317,41,83,528
512,innomatics,CloudComputing,Hyderabad,Graduate,Yes,Yes,advanced,Yes,Yes,20,198,5,149,796,149,224,1496
513,Edx,FullstackDataScience,Calcutta,UnderGraduate,Yes,Yes,intermediate,No,Yes,19,192,5,142,770,143,217,1451
514,Guvi,ProjectManagement,Kanpour,Graduate,Yes,Yes,intermediate,Yes,Yes,4,61,2,34,290,35,75,476
515,Edvancer,BigData,Kanpour,UnderGraduate,Yes,Yes,advanced,Yes,Yes,15,167,4,123,653,124,188,1234
516,Guvi,BigData,Pune,Doctorate,no,no,advanced,Yes,Yes,2,49,1,22,238,23,61,377
517,innomatics,DigitalMarketing,Kanpour,UnderGraduate,Yes,no,advanced,No,Yes,13,131,3,92,544,94,150,977
518,Data_camp,Dataanalysis,Hyderabad,UnderGraduate,Yes,no,beginer,No,Yes,17,178,4,131,714,132,199,1318
519,Data_camp,DataScience,Chennai,Doctorate,no,Yes,beginer,Yes,Yes,17,180,4,135,723,134,202,1336
520,innomatics,ProjectManagement,Pune,Graduate,Yes,no,intermediate,No,Yes,18,184,5,138,738,137,207,1371
521,Edureka,CloudComputing,Delhi,Graduate,no,Yes,intermediate,Yes,Yes,4,66,1,29,269,30,69,435
522,Edx,FullstackDataScience,Hyderabad,Doctorate,no,no,beginer,Yes,Yes,20,195,5,147,784,146,220,1462
523,ExcelR,DigitalTransformation,Delhi,Graduate,no,Yes,intermediate,Yes,Yes,1,42,1,16,212,16,95,601
524,Datatrain,CloudComputing,Pune,UnderGraduate,no,no,beginer,No,Yes,5,68,1,31,275,32,71,446
525,Guvi,CloudComputing,Delhi,Graduate,Yes,Yes,beginer,Yes,Yes,15,162,4,121,655,120,182,1187
